,Frame,Target_x,Target_y,H_x,H_y,H_o,F1_x,F1_y,F1_o,F2_x,F2_y,F2_o,T_x,T_y,T_o
0,1,462,386,461,291,-177,524,224,-123,613,187,-162,695,178,171
1,2,462,386,461,291,-177,524,224,-123,613,186,-160,696,178,174
2,3,462,386,461,291,-177,524,224,-123,613,186,-160,695,178,171
3,4,462,386,461,291,-177,524,225,-122,613,187,-162,695,179,173
4,5,462,386,461,291,-177,524,225,-122,613,187,-162,695,178,174
5,6,462,386,461,291,-177,524,225,-122,613,186,-160,696,178,174
6,7,462,386,461,291,-177,524,225,-122,613,187,-161,696,178,174
7,8,462,386,460,291,-177,524,225,-122,613,187,-162,695,178,174
8,9,462,386,460,291,-177,524,225,-122,613,187,-161,695,178,172
9,10,462,386,459,291,-170,523,226,-124,610,188,-162,696,179,172
10,11,462,386,458,291,-162,522,227,-124,609,188,-160,695,178,172
11,12,462,386,457,291,-154,521,229,-127,607,189,-158,695,178,171
12,13,462,386,456,291,-151,521,230,-128,607,189,-157,696,178,174
13,14,462,386,455,291,-141,521,231,-131,606,189,-157,696,179,172
14,15,462,386,454,293,-135,519,232,-131,604,190,-157,695,178,174
15,16,462,386,452,293,-124,519,233,-133,603,190,-156,696,179,172
16,17,462,386,451,294,-122,519,233,-132,601,190,-156,696,179,172
17,18,462,386,451,296,-114,519,233,-133,600,191,-156,695,178,171
18,19,462,386,449,297,-105,519,233,-134,599,192,-154,696,178,175
19,20,462,386,449,299,-96,519,234,-135,597,193,-154,695,178,171
20,21,462,386,448,300,-92,519,233,-135,596,193,-154,694,178,173
21,22,462,386,448,302,-88,518,233,-136,595,194,-154,694,178,172
22,23,462,386,448,304,-83,518,233,-136,594,195,-155,692,176,175
23,24,462,386,448,305,-79,519,234,-139,592,195,-154,690,176,176
24,25,462,386,449,307,-77,518,235,-139,592,195,-154,689,175,178
25,26,462,386,448,308,-75,516,237,-140,592,195,-154,687,175,180
26,27,462,386,449,310,-72,515,238,-140,592,195,-155,685,174,-178
27,28,462,386,449,311,-71,514,238,-141,592,195,-154,685,174,-176
28,29,462,386,450,313,-72,513,239,-141,592,195,-157,682,173,-175
29,30,462,386,450,314,-71,511,240,-140,592,195,-156,681,173,-172
30,31,462,386,450,315,-71,510,241,-141,592,196,-158,680,173,-172
31,32,462,386,451,317,-71,509,242,-141,593,195,-160,678,172,-171
32,33,462,386,452,318,-69,508,243,-139,592,196,-162,676,172,-171
33,34,462,386,452,319,-69,507,244,-141,592,195,-160,675,172,-172
34,35,462,386,452,321,-67,506,245,-139,592,195,-163,674,171,-170
35,36,462,386,453,322,-67,505,246,-139,591,196,-164,672,171,-170
36,37,462,386,454,324,-65,503,247,-137,589,196,-163,672,172,-169
37,38,462,386,454,324,-64,503,248,-137,589,196,-163,671,171,-170
38,39,462,386,454,326,-62,502,250,-135,587,197,-162,672,171,-170
39,40,462,386,454,327,-62,501,250,-133,585,198,-162,671,171,-170
40,41,462,386,455,328,-62,500,251,-133,585,197,-160,671,172,-173
41,42,462,386,456,329,-65,498,252,-131,583,199,-158,672,172,-172
42,43,462,386,457,331,-67,498,253,-130,582,198,-156,672,172,-172
43,44,462,386,457,333,-67,497,255,-129,580,199,-155,671,171,-174
44,45,462,386,458,334,-71,497,255,-131,578,200,-154,671,171,-174
45,46,462,386,458,336,-72,495,256,-132,576,201,-152,671,171,-174
46,47,462,386,459,336,-73,495,257,-132,575,201,-153,670,171,-174
47,48,462,386,459,338,-76,495,257,-133,574,202,-150,670,171,-174
48,49,462,386,460,340,-77,495,257,-134,573,203,-150,669,171,-172
49,50,462,386,460,342,-80,495,257,-134,572,203,-149,666,171,-173
50,51,462,386,460,342,-80,495,258,-135,571,203,-148,665,171,-173
51,52,462,386,461,344,-81,495,257,-135,570,205,-147,663,170,-171
52,53,462,386,461,346,-81,495,257,-135,568,206,-146,662,170,-170
53,54,479,556,461,347,-80,495,257,-135,567,206,-145,661,170,-169
54,55,479,556,461,348,-79,495,257,-137,566,207,-146,660,170,-169
55,56,479,556,461,350,-79,494,258,-137,564,208,-146,658,169,-168
56,57,479,556,462,351,-77,494,259,-138,563,209,-146,656,169,-165
57,58,479,556,462,353,-76,493,260,-135,561,210,-146,655,169,-164
58,59,479,556,462,353,-76,492,260,-135,561,210,-146,654,169,-164
59,60,479,556,462,355,-75,490,261,-132,559,211,-145,652,168,-163
60,61,479,556,462,357,-75,490,262,-130,558,212,-146,651,169,-162
61,62,479,556,463,358,-76,489,264,-128,558,212,-146,648,169,-162
62,63,479,556,463,360,-76,488,265,-126,558,212,-148,647,169,-160
63,64,479,556,464,360,-77,487,266,-123,558,212,-146,646,169,-158
64,65,479,556,464,362,-79,486,267,-121,559,212,-149,644,169,-159
65,66,479,556,464,364,-79,485,268,-119,558,212,-149,643,168,-155
66,67,479,556,465,365,-80,484,270,-116,558,212,-149,641,169,-157
67,68,479,556,465,366,-80,484,271,-116,558,212,-151,641,169,-157
68,69,479,556,465,367,-80,483,272,-113,558,212,-151,638,169,-156
69,70,479,556,466,369,-82,483,273,-111,558,212,-152,637,169,-154
70,71,479,556,466,370,-82,483,274,-111,558,212,-152,636,169,-156
71,72,479,556,466,372,-81,482,275,-108,558,212,-155,635,170,-154
72,73,479,556,465,374,-83,481,278,-108,557,212,-155,633,170,-155
73,74,479,556,466,375,-83,480,279,-107,556,213,-157,632,171,-155
74,75,479,556,466,377,-84,480,281,-106,555,213,-155,630,171,-154
75,76,479,556,467,377,-85,480,282,-104,554,214,-155,629,171,-155
76,77,479,556,467,379,-85,479,283,-103,553,214,-152,629,171,-155
77,78,479,556,467,381,-85,479,285,-103,551,215,-151,629,171,-155
78,79,479,556,467,382,-85,479,287,-103,550,216,-150,629,170,-155
79,80,479,556,467,384,-85,478,288,-103,548,217,-149,629,170,-156
80,81,479,556,467,385,-87,478,289,-103,548,217,-149,629,170,-155
81,82,479,556,467,386,-87,478,291,-103,546,218,-145,628,171,-157
82,83,479,556,467,388,-87,477,292,-102,545,219,-145,629,171,-159
83,84,479,556,468,390,-85,477,294,-101,543,220,-143,629,171,-160
84,85,479,556,468,391,-85,477,295,-101,542,221,-143,628,171,-160
85,86,479,556,468,392,-85,477,297,-101,542,221,-140,626,172,-162
86,87,479,556,468,394,-85,476,298,-102,540,222,-139,625,172,-162
87,88,479,556,468,395,-85,476,300,-102,538,224,-138,624,172,-161
88,89,479,556,468,397,-85,476,302,-102,537,225,-138,623,171,-160
89,90,479,556,468,398,-85,476,303,-101,537,225,-137,621,172,-159
90,91,479,556,468,400,-84,475,304,-102,536,226,-135,620,172,-159
91,92,479,556,468,401,-84,475,306,-101,535,227,-135,619,172,-158
92,93,479,556,469,402,-85,475,308,-101,534,229,-135,616,172,-157
93,94,479,556,469,404,-85,474,309,-99,533,230,-132,614,172,-156
94,95,479,556,469,405,-85,474,310,-99,532,231,-133,613,172,-156
95,96,479,556,469,407,-85,474,311,-99,531,231,-130,612,173,-155
96,97,479,556,469,409,-85,474,313,-100,530,232,-130,611,173,-154
97,98,479,556,469,409,-85,473,314,-98,529,233,-130,609,173,-153
98,99,479,556,469,411,-85,473,316,-98,528,235,-130,608,174,-151
99,100,479,556,469,412,-85,473,317,-98,527,236,-128,606,174,-150
100,101,479,556,469,414,-85,473,319,-98,527,237,-128,605,174,-150
101,102,479,556,470,415,-85,473,320,-97,526,238,-127,604,174,-149
102,103,479,556,469,417,-84,473,321,-97,525,239,-126,602,174,-148
103,104,479,556,469,419,-84,473,323,-97,523,240,-125,601,175,-146
104,105,479,556,469,420,-84,473,325,-97,523,242,-126,599,175,-147
105,106,479,556,470,422,-85,472,326,-96,521,243,-125,598,176,-146
106,107,479,556,470,423,-84,472,328,-96,521,244,-123,596,176,-144
107,108,479,556,470,425,-84,472,329,-96,520,245,-124,595,176,-144
108,109,479,556,470,426,-84,472,331,-96,520,246,-123,594,177,-143
109,110,479,556,470,427,-84,472,333,-96,518,247,-121,592,178,-143
110,111,479,556,470,429,-84,471,334,-96,518,249,-123,590,178,-142
111,112,479,556,470,430,-84,472,336,-97,517,250,-124,590,178,-141
112,113,479,556,470,432,-83,471,337,-96,517,251,-121,589,179,-141
113,114,479,556,470,433,-83,471,339,-96,515,253,-120,587,180,-141
114,115,479,556,471,435,-84,471,341,-96,515,255,-121,586,180,-139
115,116,479,556,471,436,-84,471,341,-96,514,255,-120,585,181,-139
116,117,479,556,471,437,-84,471,343,-96,514,256,-119,583,182,-139
117,118,479,556,471,439,-84,471,345,-96,513,258,-119,581,182,-138
118,119,479,556,471,441,-83,470,346,-95,512,259,-118,580,183,-137
119,120,479,556,471,441,-83,470,347,-95,512,260,-117,579,183,-137
120,121,479,556,472,443,-84,470,349,-95,511,261,-116,578,184,-136
121,122,479,556,471,445,-83,470,351,-93,510,263,-116,577,185,-137
122,123,479,556,472,446,-83,470,353,-93,509,264,-116,575,186,-136
123,124,479,556,472,447,-83,470,355,-95,509,266,-117,573,186,-135
124,125,479,556,472,448,-83,470,355,-93,508,266,-116,573,187,-137
125,126,479,556,472,450,-83,470,357,-93,508,268,-116,571,187,-135
126,127,479,556,472,451,-83,470,358,-92,507,269,-116,571,188,-134
127,128,479,556,472,453,-83,470,360,-93,507,271,-117,569,188,-134
128,129,479,556,473,454,-84,470,362,-92,506,272,-116,568,190,-135
129,130,479,556,473,456,-84,469,363,-91,505,273,-116,566,190,-132
130,131,479,556,473,458,-84,469,365,-91,505,275,-115,564,191,-132
131,132,479,556,473,458,-84,469,366,-91,504,276,-116,564,192,-133
132,133,479,556,473,460,-83,469,367,-91,503,277,-113,562,192,-131
133,134,479,556,474,462,-85,469,369,-91,503,279,-114,562,193,-131
134,135,479,556,474,464,-84,469,371,-91,502,280,-113,560,195,-131
135,136,479,556,474,465,-84,469,373,-91,501,282,-112,559,195,-129
136,137,479,556,474,466,-84,469,374,-91,501,282,-113,558,196,-129
137,138,479,556,474,468,-84,469,375,-91,500,284,-112,557,197,-129
138,139,479,556,474,469,-84,469,377,-91,500,285,-112,555,197,-127
139,140,479,556,474,471,-84,469,379,-91,500,287,-111,554,199,-128
140,141,479,556,474,471,-83,469,380,-91,500,288,-110,553,199,-127
141,142,479,556,474,474,-83,470,382,-90,499,290,-110,551,200,-126
142,143,479,556,475,475,-84,470,383,-90,499,291,-110,551,201,-126
143,144,479,556,475,476,-84,470,385,-90,498,293,-110,549,202,-124
144,145,479,556,475,478,-83,470,385,-90,497,294,-108,548,203,-124
145,146,479,556,475,479,-83,470,387,-90,497,294,-108,547,204,-124
146,147,479,556,475,480,-83,470,389,-90,497,297,-109,546,205,-124
147,148,479,556,476,481,-82,470,391,-90,496,298,-107,544,206,-123
148,149,479,556,476,482,-82,470,392,-90,496,299,-107,544,206,-123
149,150,479,556,476,484,-82,470,393,-90,495,301,-107,543,208,-122
150,151,479,556,476,485,-83,470,395,-90,495,302,-107,541,208,-122
151,152,479,556,477,487,-82,470,395,-88,494,304,-106,541,209,-121
152,153,479,556,476,488,-83,470,397,-88,494,305,-106,540,210,-122
153,154,479,556,476,490,-83,470,397,-88,493,306,-104,539,211,-121
154,155,479,556,476,492,-83,470,399,-88,493,308,-106,538,212,-120
155,156,479,556,477,493,-84,470,400,-88,492,309,-104,536,213,-119
156,157,479,556,477,494,-84,470,401,-88,492,310,-104,536,214,-120
157,158,479,556,477,496,-84,470,401,-88,492,312,-106,534,216,-119
158,159,479,556,478,498,-85,470,404,-88,491,314,-105,534,217,-118
159,160,479,556,478,499,-86,470,406,-88,491,315,-104,533,218,-118
160,161,479,556,478,500,-86,470,407,-88,491,316,-106,532,218,-118
161,162,479,556,478,501,-86,470,408,-88,490,318,-105,531,219,-118
162,163,479,556,477,503,-83,470,410,-87,490,319,-105,530,221,-117
163,164,479,556,478,505,-84,470,412,-87,490,321,-106,529,223,-117
164,165,479,556,478,506,-84,471,413,-88,489,323,-105,528,224,-117
165,166,479,556,478,508,-84,470,415,-87,489,324,-105,526,225,-116
166,167,479,556,478,509,-83,470,415,-87,489,326,-106,525,226,-116
167,168,479,556,478,510,-83,471,416,-88,488,327,-105,525,227,-115
168,169,479,556,478,512,-83,470,419,-87,488,328,-104,524,228,-116
169,170,479,556,479,513,-82,470,421,-87,488,330,-104,523,229,-115
170,171,479,556,479,515,-82,471,423,-88,488,331,-103,522,231,-115
171,172,328,640,479,516,-82,471,424,-88,488,332,-104,521,231,-114
172,173,328,640,479,517,-81,471,425,-88,487,334,-103,520,232,-114
173,174,328,640,479,519,-81,471,427,-88,487,336,-104,519,233,-113
174,175,328,640,480,519,-82,471,428,-88,487,337,-104,518,234,-112
175,176,328,640,480,521,-81,471,429,-88,486,338,-105,517,235,-112
176,177,328,640,480,523,-87,471,431,-87,486,340,-104,516,237,-112
177,178,328,640,480,523,-92,471,433,-87,486,341,-104,516,238,-113
178,179,328,640,480,524,-95,472,434,-90,485,342,-102,515,239,-110
179,180,328,640,481,526,-101,472,436,-90,485,343,-102,514,240,-111
180,181,328,640,481,528,-110,472,437,-88,485,345,-103,513,241,-109
181,182,328,640,480,530,-115,472,439,-88,484,346,-101,513,242,-109
182,183,328,640,480,531,-122,472,441,-88,484,348,-102,511,244,-108
183,184,328,640,479,533,-129,472,443,-88,484,350,-100,510,246,-108
184,185,328,640,479,534,-131,472,442,-88,484,351,-100,510,246,-108
185,186,328,640,478,535,-135,472,445,-88,484,352,-100,509,248,-108
186,187,328,640,477,537,-141,472,447,-87,483,354,-99,509,250,-109
187,188,328,640,476,538,-144,472,448,-87,483,355,-99,507,251,-108
188,189,328,640,474,539,-144,472,450,-88,483,357,-99,507,252,-107
189,190,328,640,474,540,-146,472,450,-88,483,358,-99,506,253,-107
190,191,328,640,472,541,-147,472,452,-87,482,360,-98,505,254,-107
191,192,328,640,471,542,-150,473,453,-90,482,361,-98,504,256,-105
192,193,328,640,470,542,-148,473,454,-88,482,362,-98,504,256,-105
193,194,328,640,469,543,-150,473,454,-90,482,363,-97,503,258,-105
194,195,328,640,469,543,-149,472,454,-88,482,364,-96,502,259,-105
195,196,328,640,467,545,-150,473,454,-90,482,367,-97,501,261,-105
196,197,328,640,466,545,-149,473,454,-88,482,367,-96,501,261,-104
197,198,328,640,464,546,-151,472,455,-87,481,369,-95,500,263,-104
198,199,328,640,463,547,-151,472,455,-87,481,371,-95,500,264,-103
199,200,328,640,462,548,-150,473,456,-86,481,371,-95,499,266,-103
200,201,328,640,460,549,-152,473,457,-86,481,371,-95,498,267,-102
201,202,328,640,459,550,-152,473,458,-86,482,371,-96,498,267,-102
202,203,328,640,458,551,-152,473,460,-86,481,372,-98,497,269,-102
203,204,328,640,457,551,-152,473,460,-86,481,372,-98,496,270,-101
204,205,328,640,456,552,-152,473,462,-85,481,371,-99,496,271,-100
205,206,328,640,454,552,-153,473,464,-86,482,372,-100,495,273,-101
206,207,328,640,453,553,-153,473,466,-87,481,372,-101,494,275,-101
207,208,328,640,452,554,-154,473,467,-88,481,372,-101,494,275,-101
208,209,328,640,451,554,-153,474,468,-90,482,372,-103,494,277,-100
209,210,328,640,449,555,-153,474,470,-92,481,372,-104,493,278,-100
210,211,328,640,448,556,-152,474,471,-93,481,373,-105,492,280,-98
211,212,328,640,448,557,-152,474,471,-93,482,373,-107,492,280,-100
212,213,328,640,446,557,-151,474,472,-93,481,375,-106,491,282,-98
213,214,328,640,445,558,-150,474,472,-92,481,376,-106,490,284,-98
214,215,328,640,444,558,-149,473,472,-91,480,377,-104,490,285,-99
215,216,328,640,443,559,-150,474,472,-92,480,378,-104,489,286,-98
216,217,328,640,442,560,-149,474,472,-92,480,380,-104,489,288,-97
217,218,328,640,441,562,-148,474,472,-92,479,381,-102,488,289,-98
218,219,328,640,439,562,-146,474,472,-93,479,383,-101,488,291,-97
219,220,328,640,438,563,-146,474,472,-93,479,384,-100,487,293,-97
220,221,328,640,437,565,-148,473,474,-94,478,386,-98,487,294,-96
221,222,328,640,436,565,-147,474,474,-97,478,387,-98,487,295,-96
222,223,328,640,434,566,-147,474,476,-99,478,388,-97,486,296,-96
223,224,328,640,433,567,-147,474,478,-101,478,388,-98,486,298,-96
224,225,328,640,433,567,-148,474,479,-103,478,388,-98,485,298,-96
225,226,328,640,431,568,-147,473,481,-106,478,389,-99,485,300,-96
226,227,328,640,430,569,-148,473,483,-109,478,388,-99,484,301,-95
227,228,328,640,430,569,-149,473,483,-110,478,388,-99,484,302,-96
228,229,328,640,428,570,-147,473,485,-111,478,389,-100,483,304,-95
229,230,328,640,427,571,-148,472,487,-113,478,389,-101,483,305,-96
230,231,328,640,426,572,-148,471,489,-112,478,390,-101,482,307,-96
231,232,328,640,424,573,-150,471,490,-116,478,390,-101,482,308,-97
232,233,328,640,423,573,-149,469,492,-117,477,392,-101,482,307,-98
233,234,328,640,422,574,-149,469,493,-117,478,393,-100,482,308,-99
234,235,328,640,421,575,-150,469,494,-120,478,394,-100,482,308,-99
235,236,328,640,419,576,-151,468,495,-119,477,396,-99,482,308,-99
236,237,328,640,418,577,-151,467,497,-121,477,397,-99,482,308,-101
237,238,328,640,416,578,-152,466,499,-122,477,399,-97,482,308,-102
238,239,328,640,415,579,-153,465,500,-122,476,400,-95,483,308,-103
239,240,328,640,415,580,-152,465,501,-123,476,401,-95,483,308,-103
240,241,328,640,413,580,-154,464,502,-122,476,403,-95,482,308,-104
241,242,328,640,411,581,-154,464,504,-123,476,404,-94,482,308,-104
242,243,328,640,411,581,-154,463,505,-123,476,405,-94,482,308,-105
243,244,328,640,410,582,-155,462,506,-123,476,407,-94,482,309,-107
244,245,328,640,408,583,-155,462,508,-124,476,408,-93,481,310,-105
245,246,328,640,407,584,-156,461,509,-124,476,410,-93,480,312,-105
246,247,328,640,406,584,-157,461,510,-124,476,411,-93,480,312,-105
247,248,328,640,404,585,-156,459,511,-125,476,412,-93,479,314,-104
248,249,328,640,404,585,-155,459,512,-124,476,413,-93,479,314,-103
249,250,328,640,402,586,-156,458,513,-125,476,415,-93,479,316,-103
250,251,328,640,401,586,-154,457,515,-124,475,417,-94,477,317,-102
251,252,328,640,399,587,-153,455,516,-126,475,418,-94,477,319,-100
252,253,328,640,398,589,-152,455,517,-127,476,420,-97,476,320,-99
253,254,328,640,397,589,-151,454,519,-129,476,422,-97,475,322,-99
254,255,328,640,396,589,-150,454,520,-129,476,422,-96,475,322,-96
255,256,328,640,395,590,-149,453,522,-129,475,424,-95,474,324,-95
256,257,328,640,393,591,-151,451,523,-129,475,426,-98,473,326,-94
257,258,328,640,393,592,-152,451,524,-129,475,426,-98,473,327,-94
258,259,328,640,392,593,-152,450,525,-129,476,428,-100,473,328,-93
259,260,328,640,390,594,-152,449,526,-130,475,430,-99,473,330,-93
260,261,328,640,389,594,-152,448,527,-131,475,431,-99,472,331,-92
261,262,328,640,388,594,-154,448,527,-132,475,432,-100,471,332,-91
262,263,328,640,387,595,-154,448,527,-132,475,434,-100,471,334,-91
263,264,328,640,386,596,-154,448,527,-132,474,435,-100,471,336,-90
264,265,328,640,384,597,-156,448,527,-133,474,437,-100,471,337,-90
265,266,328,640,383,598,-157,448,527,-133,473,438,-101,470,338,-90
266,267,328,640,382,598,-155,448,527,-133,473,439,-101,470,340,-90
267,268,328,640,380,599,-159,448,528,-134,473,441,-102,469,341,-88
268,269,328,640,380,599,-160,447,529,-134,473,442,-102,469,342,-88
269,270,328,640,378,600,-160,446,530,-134,473,444,-102,469,344,-88
270,271,328,640,377,601,-161,444,531,-135,473,445,-103,468,345,-87
271,272,328,640,375,602,-160,444,533,-135,473,447,-103,468,347,-88
272,273,328,640,375,602,-160,442,533,-135,472,448,-102,468,347,-88
273,274,328,640,374,602,-157,442,535,-136,472,450,-104,467,349,-87
274,275,328,640,371,603,-156,440,536,-135,472,451,-104,467,351,-87
275,276,328,640,371,603,-155,440,536,-135,471,452,-105,467,352,-87
276,277,328,640,370,604,-152,439,538,-136,471,454,-105,467,353,-88
277,278,328,640,368,604,-150,438,539,-136,470,455,-105,466,355,-87
278,279,328,640,367,605,-149,437,540,-138,470,457,-105,466,356,-87
279,280,328,640,366,606,-147,436,541,-138,470,457,-105,466,358,-87
280,281,328,640,365,606,-150,435,542,-138,470,457,-105,466,359,-88
281,282,328,640,363,608,-151,434,543,-138,470,458,-106,465,360,-87
282,283,328,640,362,609,-152,432,544,-137,470,458,-107,465,362,-87
283,284,328,640,361,610,-152,432,545,-139,470,459,-107,465,364,-87
284,285,328,640,360,610,-154,431,546,-139,469,460,-108,465,365,-86
285,286,328,640,358,611,-156,429,547,-138,469,461,-108,464,366,-87
286,287,328,640,358,612,-155,428,548,-140,469,463,-109,464,368,-87
287,288,281,462,357,613,-156,427,549,-138,469,464,-110,464,369,-87
288,289,281,462,356,613,-156,426,550,-139,468,465,-108,464,370,-88
289,290,281,462,354,614,-160,424,551,-140,468,467,-110,463,372,-87
290,291,281,462,353,614,-159,423,553,-141,467,468,-109,463,373,-87
291,292,281,462,351,615,-160,423,553,-141,467,470,-110,463,374,-87
292,293,281,462,351,615,-166,422,554,-142,466,471,-111,463,376,-88
293,294,281,462,350,616,-173,420,555,-141,465,473,-112,463,378,-88
294,295,281,462,349,617,177,419,556,-141,465,474,-110,462,379,-87
295,296,281,462,347,617,170,417,557,-141,464,476,-112,462,381,-88
296,297,281,462,346,617,164,417,558,-143,464,476,-113,462,382,-88
297,298,281,462,344,618,158,416,559,-142,463,478,-113,461,383,-87
298,299,281,462,343,617,148,414,559,-141,463,480,-115,461,385,-87
299,300,281,462,342,617,145,414,561,-144,463,480,-115,461,386,-87
300,301,281,462,341,617,137,413,562,-144,462,482,-115,461,387,-88
301,302,281,462,339,616,130,411,563,-145,461,484,-116,460,389,-87
302,303,281,462,337,615,123,410,564,-145,460,485,-116,460,391,-87
303,304,281,462,335,613,116,409,565,-146,459,486,-116,460,392,-87
304,305,281,462,335,612,114,408,566,-146,459,487,-116,459,393,-87
305,306,281,462,335,610,110,407,567,-145,459,488,-117,459,395,-87
306,307,281,462,333,608,105,405,568,-146,458,490,-118,459,396,-87
307,308,281,462,333,608,103,405,568,-146,458,491,-119,459,397,-87
308,309,281,462,332,606,104,405,568,-148,457,492,-119,459,399,-88
309,310,281,462,332,605,105,405,568,-148,456,493,-119,459,400,-88
310,311,281,462,332,604,105,405,568,-148,456,494,-118,459,401,-90
311,312,281,462,331,602,105,405,568,-148,455,496,-120,458,403,-88
312,313,281,462,331,601,107,405,568,-148,454,498,-120,458,405,-90
313,314,281,462,331,600,107,405,568,-150,454,498,-119,458,406,-90
314,315,281,462,330,598,107,405,568,-151,452,500,-120,458,407,-90
315,316,281,462,329,597,108,405,568,-151,452,500,-120,457,409,-90
316,317,281,462,329,596,107,405,569,-153,452,501,-120,457,410,-90
317,318,281,462,329,593,109,405,569,-153,452,501,-121,456,412,-91
318,319,281,462,328,594,108,404,569,-154,452,501,-121,456,413,-91
319,320,281,462,328,591,109,404,569,-154,452,501,-121,456,414,-92
320,321,281,462,327,591,108,404,568,-155,452,501,-124,456,416,-92
321,322,281,462,327,589,109,405,569,-156,452,501,-124,455,416,-92
322,323,281,462,326,588,108,405,569,-157,452,501,-125,455,418,-92
323,324,281,462,326,588,107,405,569,-157,452,501,-126,455,419,-92
324,325,281,462,326,585,109,405,568,-158,452,501,-127,454,420,-91
325,326,281,462,325,585,108,405,569,-160,452,501,-128,454,420,-91
326,327,281,462,325,583,109,405,569,-160,452,501,-130,454,420,-92
327,328,281,462,324,582,107,405,569,-160,452,501,-130,454,420,-92
328,329,281,462,324,582,108,405,569,-160,452,501,-130,454,420,-92
329,330,281,462,324,580,109,405,569,-161,452,502,-131,455,420,-93
330,331,281,462,324,580,109,405,569,-162,452,501,-134,455,420,-93
331,332,281,462,323,578,109,404,569,-164,452,501,-134,454,420,-94
332,333,281,462,323,577,109,405,569,-164,452,501,-135,454,420,-94
333,334,281,462,322,576,109,404,569,-164,453,502,-136,455,420,-96
334,335,281,462,322,575,109,405,569,-166,453,502,-137,455,420,-96
335,336,281,462,321,573,109,405,569,-166,452,502,-139,455,420,-96
336,337,281,462,321,572,110,404,569,-167,452,501,-139,455,420,-99
337,338,281,462,321,572,109,405,569,-167,452,501,-139,455,420,-99
338,339,281,462,320,570,110,405,570,-169,452,502,-141,455,420,-99
339,340,281,462,319,568,110,405,569,-170,452,502,-141,455,420,-101
340,341,281,462,319,568,109,405,570,-171,453,502,-143,455,420,-101
341,342,281,462,319,567,110,405,570,-172,452,502,-142,455,420,-101
342,343,281,462,318,565,110,405,570,-172,452,502,-145,455,420,-102
343,344,281,462,318,565,109,405,570,-172,452,502,-145,455,420,-102
344,345,281,462,317,563,109,405,570,-175,452,502,-147,455,421,-104
345,346,281,462,317,562,110,405,570,-176,452,502,-147,455,421,-105
346,347,281,462,316,561,109,405,570,-176,452,502,-148,455,421,-105
347,348,281,462,316,560,110,405,570,-178,452,502,-148,455,421,-106
348,349,281,462,315,558,110,406,569,-177,452,502,-151,456,420,-107
349,350,281,462,315,558,109,406,570,180,452,502,-151,456,420,-107
350,351,281,462,314,556,111,405,570,178,452,503,-153,456,420,-107
351,352,281,462,314,555,110,406,570,180,452,503,-153,456,421,-109
352,353,281,462,313,554,110,405,571,176,452,502,-155,456,421,-111
353,354,281,462,313,553,110,405,571,176,452,502,-155,456,421,-111
354,355,281,462,312,551,111,406,570,175,452,503,-157,456,421,-114
355,356,281,462,312,551,111,405,570,174,452,503,-157,456,421,-114
356,357,281,462,311,549,112,404,570,171,452,503,-160,456,420,-114
357,358,281,462,311,549,109,403,570,171,452,503,-160,456,421,-115
358,359,281,462,310,548,112,402,570,171,452,503,-162,456,421,-115
359,360,281,462,310,546,110,401,570,168,452,503,-163,456,421,-116
360,361,281,462,310,546,110,400,570,168,452,503,-163,456,420,-116
361,362,281,462,309,544,110,398,570,166,452,503,-164,456,420,-117
362,363,281,462,308,542,112,397,570,165,452,503,-165,456,421,-118
363,364,281,462,308,542,110,396,569,164,452,503,-165,456,420,-118
364,365,281,462,307,540,112,394,569,164,452,503,-167,456,421,-120
365,366,281,462,307,540,110,393,569,163,452,503,-168,456,421,-120
366,367,281,462,306,538,112,392,569,162,452,503,-169,457,421,-123
367,368,281,462,306,538,111,391,569,162,452,503,-170,457,421,-122
368,369,281,462,305,537,111,390,568,163,452,503,-170,457,421,-124
369,370,281,462,305,536,110,389,568,161,452,503,-171,457,421,-124
370,371,281,462,304,534,112,388,568,161,452,503,-174,456,421,-125
371,372,281,462,304,533,110,386,567,162,452,503,-174,457,421,-126
372,373,281,462,303,532,112,385,567,162,452,504,-175,457,421,-126
373,374,281,462,303,531,113,383,567,162,452,504,-176,457,421,-127
374,375,281,462,302,530,112,383,566,162,452,503,-177,457,421,-128
375,376,281,462,301,528,112,381,566,160,452,503,-177,457,421,-130
376,377,281,462,301,527,112,381,566,162,451,503,-177,457,421,-130
377,378,281,462,301,526,113,381,566,162,450,504,-176,457,421,-130
378,379,281,462,301,525,114,381,566,162,449,503,-174,457,421,-130
379,380,281,462,300,525,114,380,566,162,448,504,-172,458,421,-133
380,381,281,462,299,523,114,381,565,164,447,503,-167,457,421,-134
381,382,281,462,299,523,114,381,565,164,446,504,-168,457,421,-135
382,383,281,462,299,521,114,381,565,164,445,504,-162,457,421,-134
383,384,281,462,298,521,114,381,565,164,444,505,-161,457,422,-137
384,385,281,462,298,519,114,381,566,165,443,505,-157,457,422,-137
385,386,281,462,297,518,114,381,566,166,441,505,-153,458,422,-136
386,387,281,462,297,517,114,381,565,168,440,505,-151,458,422,-137
387,388,281,462,296,516,114,381,565,168,440,506,-150,457,422,-138
388,389,281,462,296,515,114,381,566,169,438,507,-146,458,421,-139
389,390,281,462,295,514,115,381,565,170,438,507,-144,457,421,-139
390,391,281,462,294,512,115,381,565,170,437,508,-141,458,422,-141
391,392,281,462,294,511,116,380,565,170,437,507,-142,458,422,-142
392,393,281,462,294,511,118,379,565,170,437,507,-142,458,422,-142
393,394,281,462,293,510,117,378,565,168,437,507,-143,458,422,-143
394,395,281,462,293,510,118,377,564,168,437,508,-146,458,422,-144
395,396,281,462,292,509,119,376,565,166,437,508,-146,458,421,-143
396,397,281,462,291,507,120,374,564,164,437,507,-147,458,422,-144
397,398,281,462,290,506,120,373,564,164,437,507,-147,458,422,-145
398,399,281,462,290,506,120,373,565,161,437,507,-147,458,422,-146
399,400,281,462,290,504,122,372,564,160,437,508,-150,458,422,-147
400,401,281,462,289,503,123,370,564,158,437,508,-149,458,422,-148
401,402,281,462,289,503,122,369,565,157,437,508,-150,458,422,-148
402,403,281,462,288,502,123,368,563,154,437,508,-152,458,422,-148
403,404,69,462,287,501,124,367,563,154,437,508,-153,458,422,-149
404,405,69,462,286,500,125,366,563,150,437,508,-155,458,422,-151
405,406,69,462,286,499,126,365,562,150,437,508,-156,458,422,-151
406,407,69,462,286,498,126,364,561,149,437,508,-156,458,422,-151
407,408,69,462,284,497,128,362,561,146,437,508,-156,458,423,-154
408,409,69,462,284,496,130,361,560,145,437,508,-160,458,423,-154
409,410,69,462,283,495,130,360,559,145,437,508,-160,458,422,-155
410,411,69,462,283,494,131,359,560,141,437,508,-161,459,423,-158
411,412,69,462,283,494,137,359,559,134,437,508,-170,458,423,-166
412,413,69,462,283,493,143,358,559,130,436,509,-172,458,424,-169
413,414,69,462,282,493,146,357,559,126,436,509,-174,458,424,-169
414,415,69,462,281,492,154,356,558,122,435,509,-172,459,424,-171
415,416,69,462,281,492,157,356,558,121,433,509,-173,459,424,-171
416,417,69,462,280,491,159,355,557,119,433,509,-172,458,424,-172
417,418,69,462,278,490,166,355,555,118,431,509,-170,459,424,-174
418,419,69,462,278,490,169,354,555,118,430,509,-170,459,424,-174
419,420,69,462,276,489,173,353,553,118,429,509,-166,459,424,-175
420,421,69,462,275,489,174,353,553,118,428,510,-167,459,425,-176
421,422,69,462,274,489,175,353,552,119,427,510,-163,459,424,-177
422,423,69,462,273,489,175,352,551,119,426,510,-163,459,425,-178
423,424,69,462,272,489,177,351,550,121,426,511,-161,459,424,-177
424,425,69,462,271,489,177,351,549,123,424,511,-160,459,425,180
425,426,69,462,270,489,177,350,548,123,424,511,-156,459,425,180
426,427,69,462,268,489,177,349,546,126,424,511,-160,458,424,-178
427,428,69,462,267,489,178,348,545,126,424,511,-160,458,425,180
428,429,69,462,267,489,177,348,546,126,424,511,-160,457,424,-178
429,430,69,462,265,489,177,347,544,129,424,512,-161,457,424,-176
430,431,69,462,264,489,177,346,543,129,424,512,-161,456,424,-176
431,432,69,462,262,489,177,345,542,131,423,511,-163,455,423,-170
432,433,69,462,262,489,177,345,541,132,423,511,-162,454,423,-168
433,434,69,462,260,489,177,343,540,133,423,511,-164,453,422,-162
434,435,69,462,259,490,176,343,539,135,423,512,-165,451,422,-157
435,436,69,462,258,490,176,342,538,135,423,511,-166,450,422,-155
436,437,69,462,257,489,175,341,538,136,423,511,-166,448,422,-147
437,438,69,462,255,489,175,340,536,139,423,512,-169,446,422,-140
438,439,69,462,254,489,175,339,536,138,423,512,-169,446,422,-137
439,440,69,462,253,489,175,339,535,140,423,511,-170,445,423,-135
440,441,69,462,252,490,174,337,534,139,423,511,-170,443,423,-128
441,442,69,462,251,489,175,337,534,141,423,512,-171,442,424,-126
442,443,69,462,249,489,175,335,533,141,423,512,-172,440,425,-121
443,444,69,462,249,490,174,335,532,142,423,511,-174,440,425,-119
444,445,69,462,247,490,172,333,530,145,423,512,-175,438,426,-116
445,446,69,462,246,490,172,332,530,145,423,512,-176,438,426,-114
446,447,69,462,244,490,172,331,530,146,423,512,-177,437,428,-110
447,448,69,462,243,490,172,330,529,146,423,512,-178,436,428,-108
448,449,69,462,242,490,172,329,528,147,422,512,180,436,429,-109
449,450,69,462,241,490,172,328,528,147,421,512,178,436,429,-109
450,451,69,462,240,490,172,328,527,148,420,512,178,436,429,-111
451,452,69,462,238,489,171,326,526,149,419,512,177,436,429,-111
452,453,69,462,238,489,171,326,526,149,418,512,177,436,429,-111
453,454,69,462,236,489,174,324,526,150,417,512,178,436,429,-111
454,455,69,462,235,489,174,323,525,150,416,512,178,435,429,-112
455,456,69,462,234,489,174,322,525,150,415,512,180,436,429,-113
456,457,69,462,233,489,171,321,524,151,414,512,-178,436,429,-114
457,458,69,462,232,489,172,320,523,152,413,512,-178,436,430,-115
458,459,69,462,230,489,172,319,523,151,411,512,-177,436,429,-116
459,460,69,462,229,489,172,317,522,151,409,513,-176,436,429,-116
460,461,69,462,226,489,171,315,521,154,407,512,-174,436,429,-117
461,462,69,462,225,489,172,314,521,154,406,512,-174,436,429,-118
462,463,69,462,223,489,172,313,520,154,404,512,-174,436,430,-120
463,464,69,462,222,488,171,311,519,156,402,513,-172,436,430,-120
464,465,69,462,221,488,171,310,519,154,401,513,-174,437,430,-122
465,466,69,462,220,488,171,309,519,154,401,513,-172,437,429,-123
466,467,69,462,219,488,171,309,519,157,400,514,-172,437,429,-123
467,468,69,462,218,488,171,307,517,156,399,514,-172,437,429,-123
468,469,69,462,216,488,171,306,518,157,397,514,-172,436,430,-125
469,470,69,462,215,488,171,305,517,155,396,514,-171,437,430,-126
470,471,69,462,213,488,171,304,516,156,394,514,-172,437,430,-126
471,472,69,462,213,488,171,303,516,158,394,514,-171,437,430,-127
472,473,69,462,212,488,171,302,515,156,393,514,-171,437,430,-127
473,474,69,462,210,488,172,301,516,157,391,515,-172,436,430,-129
474,475,69,462,209,488,172,299,514,156,389,515,-172,435,431,-129
475,476,69,462,208,488,172,299,515,158,389,515,-174,435,431,-128
476,477,69,462,207,488,172,298,515,157,388,515,-172,434,432,-128
477,478,69,462,205,488,172,296,514,157,386,515,-174,433,433,-127
478,479,69,462,205,488,172,295,513,158,386,515,-175,433,433,-128
479,480,69,462,204,488,172,294,512,156,385,515,-174,432,434,-127
480,481,69,462,202,488,172,293,513,157,385,515,-174,430,435,-126
481,482,69,462,201,488,172,292,512,158,385,516,-175,430,435,-126
482,483,69,462,200,488,172,290,512,157,385,515,-175,428,437,-125
483,484,69,462,199,488,172,290,512,156,384,516,-176,427,437,-125
484,485,69,462,197,487,171,288,511,158,383,516,-176,426,438,-124
485,486,69,462,197,487,171,287,511,157,382,515,-177,426,438,-123
486,487,69,462,195,487,171,285,510,158,381,516,-178,425,439,-123
487,488,69,462,194,487,171,285,509,160,380,516,-178,425,440,-123
488,489,69,462,193,487,171,283,509,159,378,516,-178,425,440,-124
489,490,69,462,192,487,170,282,508,160,377,516,-178,424,440,-123
490,491,69,462,190,487,170,279,508,159,376,517,180,424,440,-125
491,492,69,462,189,487,170,279,508,160,375,517,180,424,440,-126
492,493,69,462,188,487,170,278,507,161,373,516,178,424,441,-126
493,494,69,462,187,486,171,277,507,160,372,516,178,425,441,-126
494,495,69,462,185,486,171,275,507,162,371,516,178,424,441,-128
495,496,69,462,184,486,171,274,506,162,370,516,178,425,440,-128
496,497,69,462,184,486,171,273,506,163,369,516,178,424,441,-129
497,498,69,462,182,486,171,272,505,163,367,516,178,423,442,-129
498,499,69,462,181,486,171,271,505,163,367,516,177,422,442,-128
499,500,69,462,179,486,171,269,504,164,365,516,177,421,443,-129
500,501,69,462,178,486,171,269,504,164,364,516,177,420,444,-130
501,502,69,462,178,486,172,267,504,164,363,516,177,419,444,-129
502,503,69,462,176,486,172,266,504,165,361,516,177,418,446,-130
503,504,69,462,175,486,172,265,503,164,360,516,177,417,446,-130
504,505,69,462,174,486,172,263,503,164,359,516,176,416,447,-130
505,506,69,462,173,486,172,263,503,164,358,516,176,415,447,-130
506,507,69,462,171,486,172,261,503,165,357,516,176,414,448,-130
507,508,69,462,170,486,172,260,503,165,356,516,176,413,448,-130
508,509,69,462,169,486,172,258,502,164,354,515,175,412,449,-129
509,510,69,462,168,486,172,257,502,164,353,516,176,412,450,-130
510,511,69,462,167,486,172,256,502,165,352,516,173,411,450,-130
511,512,69,462,165,485,171,255,501,164,351,515,175,411,451,-131
512,513,69,462,165,485,171,254,501,164,350,516,176,410,451,-130
513,514,69,462,163,485,171,252,501,165,348,515,175,410,452,-131
514,515,69,462,163,485,171,251,501,165,347,515,175,410,451,-132
515,516,69,462,162,485,170,251,501,165,346,515,173,410,452,-132
516,517,69,462,160,485,170,249,500,165,345,515,175,410,451,-133
517,518,69,462,159,485,170,248,500,166,344,515,174,410,451,-133
518,519,69,462,157,485,169,247,500,165,342,515,173,410,452,-135
519,520,69,462,157,485,168,246,500,165,341,515,174,410,451,-134
520,521,69,462,155,485,169,244,500,165,340,515,173,410,452,-136
521,522,69,462,154,485,169,244,499,167,340,515,173,410,452,-136
522,523,69,462,153,485,169,243,500,165,338,514,173,410,452,-136
523,524,69,462,152,484,170,241,499,166,337,515,172,410,452,-137
524,525,69,462,151,484,170,241,499,166,336,515,172,410,452,-140
525,526,69,462,150,484,170,239,498,168,334,515,172,409,452,-140
526,527,69,462,148,484,170,239,498,168,333,514,173,408,452,-139
527,528,69,462,148,484,170,238,498,168,333,514,174,408,453,-140
528,529,69,462,146,484,169,237,498,168,331,514,172,407,453,-138
529,530,69,462,145,484,169,237,498,168,330,514,172,406,454,-141
530,531,69,462,144,484,169,235,498,166,329,514,172,404,455,-141
531,532,69,462,143,483,168,235,498,167,328,514,172,404,455,-141
532,533,69,462,141,483,168,233,497,168,326,514,172,402,456,-141
533,534,69,462,141,483,168,232,497,168,326,514,172,401,456,-141
534,535,69,462,139,483,167,231,497,168,324,513,172,400,457,-141
535,536,69,462,138,483,167,230,497,166,323,513,173,399,457,-140
536,537,69,462,137,482,168,228,497,166,321,513,172,398,458,-141
537,538,69,462,136,483,167,227,496,168,321,513,172,397,458,-140
538,539,69,462,135,483,166,226,496,168,320,513,172,396,459,-141
539,540,69,462,133,482,168,224,496,168,318,513,172,395,459,-140
540,541,69,462,133,482,168,224,496,168,317,512,173,394,460,-142
541,542,69,462,131,482,167,222,496,166,315,512,172,393,460,-142
542,543,69,462,130,482,167,221,495,168,314,512,172,392,461,-141
543,544,69,462,129,482,169,219,496,169,313,512,172,390,461,-142
544,545,69,462,128,481,168,219,495,170,312,512,172,390,461,-142
545,546,69,462,126,481,168,217,495,168,310,512,172,389,462,-143
546,547,69,462,125,481,170,215,495,169,310,512,172,387,463,-143
547,548,69,462,124,481,170,215,495,169,308,511,171,386,463,-144
548,549,69,462,123,481,169,213,495,169,307,511,171,386,463,-143
549,550,69,462,121,480,171,212,495,169,305,511,171,384,463,-143
550,551,69,462,120,481,170,211,495,169,305,511,172,383,465,-145
551,552,69,462,119,480,171,210,495,169,304,511,171,383,464,-143
552,553,69,462,118,480,171,208,494,169,302,511,172,381,465,-143
553,554,69,462,115,480,170,206,494,169,300,511,172,378,466,-145
554,555,69,462,115,481,169,205,493,168,299,510,171,377,467,-146
555,556,69,462,113,480,170,203,493,168,297,510,172,376,467,-146
556,557,69,462,112,480,168,202,493,168,296,510,172,375,467,-147
557,558,69,462,111,480,167,201,493,168,295,510,172,374,468,-146
558,559,69,462,111,480,167,200,493,166,294,510,172,373,468,-147
559,560,69,462,109,480,166,198,492,168,292,510,172,373,468,-147
560,561,69,462,107,480,164,197,492,168,291,509,171,373,468,-148
561,562,69,462,106,480,164,195,492,166,290,509,171,373,469,-150
562,563,69,462,105,480,163,195,492,167,289,509,172,373,469,-150
563,564,25,642,104,479,163,193,492,166,287,509,172,372,469,-150
564,565,25,642,103,479,163,193,492,166,286,508,171,371,469,-151
565,566,25,642,102,479,164,193,492,167,286,508,171,371,469,-151
566,567,25,642,100,478,164,193,492,169,284,508,171,369,469,-151
567,568,25,642,100,478,167,193,492,169,283,508,171,368,470,-152
568,569,25,642,98,477,171,193,492,169,282,508,171,367,470,-151
569,570,25,642,98,477,174,193,492,169,281,508,171,365,471,-154
570,571,25,642,96,477,180,192,492,170,280,508,172,364,471,-152
571,572,25,642,96,477,-176,192,491,171,279,507,171,363,471,-152
572,573,25,642,94,477,-169,191,491,171,276,507,170,362,472,-153
573,574,25,642,93,476,-164,190,491,171,276,507,171,361,472,-154
574,575,25,642,92,477,-162,189,491,171,275,507,171,360,472,-154
575,576,25,642,91,477,-153,188,491,171,274,507,172,359,472,-154
576,577,25,642,90,477,-150,187,491,171,274,507,172,358,472,-155
577,578,25,642,88,478,-142,186,491,171,273,507,172,356,473,-155
578,579,25,642,87,479,-139,185,491,171,273,507,171,355,473,-154
579,580,25,642,86,478,-135,183,491,170,273,507,172,354,473,-155
580,581,25,642,85,481,-128,182,491,170,273,507,172,353,473,-155
581,582,25,642,84,481,-125,181,491,170,273,507,173,353,473,-154
582,583,25,642,83,482,-120,180,490,171,273,507,174,351,474,-155
583,584,25,642,83,483,-117,179,491,169,273,507,174,350,474,-156
584,585,25,642,82,484,-113,177,491,169,272,507,176,350,474,-155
585,586,25,642,82,486,-112,176,490,170,271,507,176,350,474,-155
586,587,25,642,81,487,-108,174,490,170,269,507,176,349,474,-156
587,588,25,642,80,488,-107,173,490,169,268,507,176,349,474,-156
588,589,25,642,80,489,-105,171,490,169,267,507,176,349,474,-159
589,590,25,642,80,490,-105,171,490,169,266,507,176,349,474,-159
590,591,25,642,80,491,-105,170,490,169,265,507,176,349,474,-160
591,592,25,642,79,492,-104,168,489,170,264,507,176,349,475,-162
592,593,25,642,79,493,-103,168,489,170,263,506,175,350,475,-161
593,594,25,642,79,494,-104,165,489,170,261,506,175,350,475,-161
594,595,25,642,78,495,-102,165,488,171,260,506,175,349,474,-163
595,596,25,642,78,497,-103,163,489,170,258,506,175,349,475,-164
596,597,25,642,78,498,-104,163,488,171,258,506,175,349,475,-165
597,598,25,642,78,499,-104,161,488,171,257,506,174,348,475,-165
598,599,25,642,78,500,-104,161,488,171,255,506,172,346,475,-166
599,600,25,642,78,501,-105,162,488,174,254,506,172,346,475,-166
600,601,25,642,78,503,-105,162,488,174,253,506,172,344,475,-166
601,602,25,642,77,504,-104,161,488,174,252,506,172,344,475,-166
602,603,25,642,77,505,-105,161,488,174,251,505,171,342,475,-166
603,604,25,642,77,506,-105,162,488,175,250,505,171,341,475,-166
604,605,25,642,77,507,-105,161,488,175,249,505,171,340,475,-168
605,606,25,642,76,508,-106,161,488,175,247,505,171,338,475,-166
606,607,25,642,76,509,-108,161,488,175,247,504,171,338,475,-166
607,608,25,642,76,511,-108,161,488,177,245,504,171,336,475,-165
608,609,25,642,76,511,-108,161,488,177,243,505,169,335,475,-165
609,610,25,642,76,513,-109,161,488,180,243,504,170,334,475,-165
610,611,25,642,75,514,-108,161,488,178,243,504,171,333,475,-165
611,612,25,642,75,515,-109,161,488,178,243,504,171,332,475,-165
612,613,25,642,74,517,-110,161,488,-178,243,504,171,331,475,-164
613,614,25,642,74,518,-109,161,488,-178,243,504,171,329,475,-164
614,615,25,642,74,518,-111,161,488,-178,243,504,171,328,475,-164
615,616,25,642,74,520,-111,161,488,-178,243,504,174,328,475,-163
616,617,25,642,73,521,-110,161,488,-177,243,504,174,326,475,-163
617,618,25,642,73,522,-110,160,488,-176,243,504,174,325,475,-164
618,619,25,642,72,523,-110,160,488,-175,243,504,175,324,475,-163
619,620,25,642,72,524,-111,159,488,-175,243,504,177,323,475,-163
620,621,25,642,72,526,-109,158,488,-175,243,504,178,323,475,-164
621,622,25,642,72,527,-111,157,488,-174,243,504,180,323,475,-164
622,623,25,642,71,528,-110,156,488,-170,243,505,180,323,475,-166
623,624,25,642,71,529,-109,155,489,-169,243,504,-178,323,475,-166
624,625,25,642,70,531,-110,154,489,-168,243,504,-177,322,475,-166
625,626,25,642,70,532,-110,152,489,-168,243,504,-176,322,475,-166
626,627,25,642,69,533,-110,151,490,-165,243,504,-176,323,475,-166
627,628,25,642,69,535,-110,149,490,-165,243,504,-175,323,476,-169
628,629,25,642,69,535,-110,148,490,-165,243,504,-175,323,476,-169
629,630,25,642,69,537,-110,148,490,-163,243,504,-175,323,476,-171
630,631,25,642,69,538,-111,146,491,-162,242,504,-175,323,476,-171
631,632,25,642,68,538,-111,145,491,-163,242,504,-175,323,476,-172
632,633,25,642,68,540,-111,144,491,-160,240,505,-176,323,476,-172
633,634,25,642,68,541,-111,143,492,-160,240,504,-175,323,476,-172
634,635,25,642,67,542,-111,142,493,-157,238,504,-177,323,475,-174
635,636,25,642,67,543,-111,140,493,-157,237,504,-177,323,476,-175
636,637,25,642,67,545,-112,140,493,-156,236,505,-178,323,476,-176
637,638,25,642,66,546,-110,139,494,-161,235,505,180,323,476,-176
638,639,25,642,66,547,-111,139,494,-161,234,505,180,323,476,-177
639,640,25,642,66,549,-112,138,495,-162,232,504,178,323,476,-178
640,641,25,642,65,549,-110,138,495,-162,231,504,178,322,476,-178
641,642,25,642,65,551,-112,138,495,-162,229,505,176,321,475,-177
642,643,25,642,65,552,-112,138,495,-164,229,505,176,320,475,-178
643,644,25,642,64,553,-112,137,494,-163,227,505,176,319,475,-177
644,645,25,642,64,553,-112,137,495,-164,226,505,176,318,475,-176
645,646,25,642,63,555,-112,137,495,-166,224,504,175,316,475,-176
646,647,25,642,63,556,-112,138,495,-164,223,504,175,316,474,-174
647,648,25,642,63,558,-112,137,495,-167,222,504,175,314,474,-174
648,649,25,642,62,558,-112,136,495,-167,221,504,175,313,474,-172
649,650,25,642,62,560,-112,135,496,-166,219,504,175,312,473,-171
650,651,25,642,62,561,-112,134,496,-165,218,504,173,311,473,-170
651,652,25,642,61,561,-112,134,496,-163,218,504,175,310,473,-170
652,653,25,642,61,564,-112,132,497,-162,218,504,176,308,473,-167
653,654,25,642,61,563,-112,131,497,-161,218,504,175,307,473,-167
654,655,25,642,60,565,-112,130,498,-157,217,504,175,305,472,-166
655,656,25,642,60,566,-112,129,497,-156,217,504,177,305,473,-165
656,657,25,642,59,567,-112,128,498,-154,217,504,177,303,473,-165
657,658,25,642,59,569,-112,126,498,-152,217,504,177,302,473,-165
658,659,25,642,58,570,-112,125,500,-151,217,504,178,301,472,-162
659,660,25,642,58,571,-112,124,500,-150,217,504,178,300,472,-162
660,661,25,642,58,572,-113,123,501,-146,217,504,180,299,472,-162
661,662,25,642,57,573,-112,122,501,-145,217,504,-178,298,472,-162
662,663,25,642,56,575,-114,120,502,-144,217,504,-178,296,473,-162
663,664,25,642,56,576,-112,120,503,-142,217,504,-178,296,473,-161
664,665,25,642,56,576,-112,119,503,-142,217,504,-176,295,473,-161
665,666,25,642,55,578,-114,118,504,-140,215,504,-178,295,473,-164
666,667,25,642,55,578,-112,117,504,-139,214,504,-176,295,473,-164
667,668,25,642,54,580,-114,116,506,-139,213,504,-176,295,473,-164
668,669,25,642,55,581,-113,115,507,-138,212,504,-176,295,473,-163
669,670,25,642,53,582,-114,114,508,-136,210,504,-177,295,473,-166
670,671,25,642,53,583,-116,113,509,-137,209,505,-176,294,473,-166
671,672,25,642,53,585,-116,112,509,-134,208,505,-176,294,473,-167
672,673,25,642,52,586,-115,111,510,-134,207,505,-176,295,473,-168
673,674,25,642,51,587,-114,111,511,-135,205,505,-176,295,474,-169
674,675,25,642,51,588,-116,110,512,-135,204,505,-176,295,474,-169
675,676,25,642,51,590,-115,109,514,-134,203,505,-176,295,474,-171
676,677,25,642,50,590,-114,109,514,-132,202,505,-176,294,473,-170
677,678,25,642,50,591,-116,108,515,-131,201,505,-176,293,473,-170
678,679,25,642,49,593,-115,107,516,-130,199,506,-176,292,473,-170
679,680,25,642,49,593,-114,107,517,-132,198,506,-176,291,473,-170
680,681,25,642,49,595,-115,105,518,-131,197,506,-176,289,473,-170
681,682,25,642,48,596,-114,104,518,-130,195,505,-175,289,472,-166
682,683,25,642,48,597,-115,104,520,-131,195,505,-174,288,473,-168
683,684,25,642,47,598,-114,103,521,-130,193,506,-175,286,473,-167
684,685,25,642,47,600,-115,102,522,-130,192,506,-174,284,472,-166
685,686,25,642,46,600,-114,101,523,-130,191,506,-174,283,473,-165
686,687,25,642,46,602,-116,100,524,-130,189,506,-174,282,473,-165
687,688,25,642,46,602,-116,100,525,-130,188,506,-174,281,473,-165
688,689,25,642,45,603,-114,99,525,-129,187,507,-172,280,472,-164
689,690,25,642,44,605,-114,98,527,-130,185,507,-172,279,472,-162
690,691,25,642,44,605,-114,98,528,-130,185,507,-171,278,472,-163
691,692,25,642,44,607,-115,97,528,-130,184,507,-171,277,472,-163
692,693,25,642,43,608,-114,96,529,-129,182,507,-171,276,472,-162
693,694,25,642,43,609,-116,96,530,-129,182,507,-171,275,472,-162
694,695,25,642,42,610,-114,95,532,-129,182,507,-171,273,472,-163
695,696,25,642,42,611,-116,94,532,-130,182,507,-170,273,472,-162
696,697,25,642,42,611,-116,94,532,-129,182,507,-170,274,472,-162
697,698,25,642,42,611,-116,94,532,-130,182,507,-170,273,472,-162
698,699,25,642,42,611,-114,94,532,-130,182,507,-170,273,472,-162
699,700,25,642,42,611,-114,95,532,-129,182,507,-170,273,472,-162
700,701,25,642,42,611,-116,94,532,-130,182,507,-170,273,472,-163
701,702,25,642,42,611,-116,94,532,-130,182,507,-170,273,472,-163
702,703,25,642,42,612,-115,94,532,-130,182,507,-170,274,472,-162
703,704,25,642,42,612,-115,94,532,-130,181,507,-170,273,472,-163
704,705,25,642,42,612,-114,94,532,-129,181,507,-170,273,472,-163
705,706,25,642,42,612,-114,94,532,-129,182,507,-170,273,472,-162
706,707,25,642,42,612,-114,94,532,-129,182,507,-170,273,472,-163
707,708,25,642,42,612,-114,94,532,-130,182,507,-170,274,472,-162
708,709,25,642,42,612,-114,94,532,-130,182,507,-170,273,472,-162
709,710,25,642,43,611,-113,94,532,-130,182,507,-170,273,472,-163
710,711,25,642,42,612,-114,94,532,-129,182,507,-170,273,472,-162
711,712,25,642,42,612,-114,94,532,-130,182,507,-170,274,472,-162
712,713,25,642,42,612,-114,94,532,-130,182,507,-170,273,472,-162
713,714,25,642,42,612,-114,94,532,-130,182,507,-170,273,472,-162
714,715,25,642,42,612,-114,94,532,-129,182,507,-170,274,472,-162
715,716,25,642,42,611,-112,94,532,-129,182,507,-170,273,472,-162
716,717,25,642,42,612,-114,94,532,-129,182,507,-170,273,472,-163
717,718,25,642,42,612,-114,94,532,-129,182,507,-170,274,472,-162
718,719,25,642,42,612,-114,94,532,-129,182,507,-170,274,472,-162
719,720,25,642,42,612,-114,94,532,-130,182,507,-171,273,472,-163
720,721,25,642,42,612,-114,94,532,-129,181,507,-170,273,472,-163
721,722,25,642,43,611,-113,94,532,-129,182,507,-171,273,472,-163
722,723,25,642,42,612,-114,94,532,-129,182,507,-170,273,472,-162
723,724,25,642,42,612,-114,94,532,-130,182,507,-170,273,472,-163
724,725,25,642,42,612,-114,94,532,-129,182,507,-170,273,472,-163
725,726,25,642,42,612,-114,94,532,-130,181,507,-170,273,472,-162
726,727,25,642,42,612,-114,94,532,-130,181,507,-170,273,472,-163
727,728,25,642,42,612,-114,94,532,-130,182,507,-170,273,472,-162
728,729,25,642,42,612,-114,94,532,-130,182,507,-170,273,472,-163
729,730,25,642,42,612,-114,94,532,-130,182,507,-170,274,472,-162
730,731,25,642,42,612,-114,94,532,-130,182,507,-170,273,472,-162
731,732,25,642,42,612,-114,94,532,-129,182,507,-170,274,472,-162
732,733,25,642,42,612,-114,94,532,-130,182,507,-170,273,472,-163
733,734,25,642,42,612,-114,94,532,-129,182,507,-170,273,472,-162
734,735,25,642,42,612,-114,94,532,-130,182,507,-170,273,472,-163
735,736,25,642,42,612,-114,94,532,-130,182,507,-170,273,472,-163
736,737,25,642,42,612,-114,94,532,-130,181,507,-170,273,472,-162
737,738,25,642,42,612,-115,94,532,-130,182,507,-170,274,472,-162
738,739,25,642,42,612,-114,94,532,-130,182,507,-170,273,472,-163
739,740,25,642,42,612,-114,94,532,-130,182,507,-170,274,472,-162
740,741,25,642,42,612,-114,94,532,-129,181,507,-170,273,472,-162
741,742,25,642,42,612,-114,94,532,-129,182,507,-170,274,472,-162
742,743,25,642,42,612,-114,94,532,-130,182,507,-170,273,472,-163
743,744,25,642,42,612,-114,94,532,-130,182,507,-170,273,472,-162
744,745,25,642,42,612,-114,94,532,-129,181,507,-170,273,472,-163
745,746,25,642,42,612,-114,94,532,-129,181,507,-171,273,472,-163
746,747,25,642,42,612,-114,94,532,-130,182,507,-170,273,472,-163
747,748,25,642,42,612,-114,94,532,-129,182,507,-170,273,472,-163
748,749,25,642,42,612,-114,94,532,-130,182,507,-170,273,472,-162
749,750,25,642,42,612,-114,94,532,-130,182,507,-170,274,472,-162
750,751,25,642,42,612,-114,94,532,-130,182,507,-170,274,472,-162
751,752,25,642,42,612,-115,94,532,-130,181,507,-170,273,472,-162
752,753,25,642,42,612,-114,94,532,-129,182,507,-170,274,472,-162
753,754,25,642,42,612,-114,94,532,-130,182,507,-170,273,472,-162
754,755,25,642,42,612,-114,94,532,-130,182,507,-170,273,472,-163
755,756,25,642,42,612,-114,94,532,-130,182,507,-170,274,472,-162
756,757,25,642,42,612,-114,94,532,-129,182,507,-170,274,472,-162
757,758,25,642,42,612,-114,94,532,-130,181,507,-170,274,472,-162
